{"cameraMode":{"drawMode":0,"name":"Shaded","section":"Shading Mode"},"sceneLighting":true,"audioPlay":false,"sceneViewState":{"showFog":true,"showMaterialUpdate":false,"showSkybox":true,"showFlares":true,"showImageEffects":true,"showParticleSystems":true,"showVisualEffectGraphs":true,"m_FxEnabled":true},"in2DMode":false,"pivot":{"x":-0.03446536511182785,"y":0.07383444905281067,"z":0.09674647450447083},"rotation":{"x":0.07568953931331635,"y":-0.23698554933071137,"z":0.018525926396250726,"w":0.9684115052223206},"size":1.2866027355194092,"orthographic":false}